org.apache.commons.io.ByteOrderMark.ByteOrderMark(java.lang.String,int...)
org.apache.commons.io.ByteOrderMark.equals(java.lang.Object)
org.apache.commons.io.ByteOrderMark.get(int)
org.apache.commons.io.ByteOrderMark.getBytes()
org.apache.commons.io.ByteOrderMark.getCharsetName()
org.apache.commons.io.ByteOrderMark.hashCode()
org.apache.commons.io.ByteOrderMark.length()
org.apache.commons.io.ByteOrderMark.toString()
org.apache.commons.io.Charsets.toCharset(java.lang.String)
org.apache.commons.io.Charsets.toCharset(java.nio.charset.Charset)
org.apache.commons.io.CopyUtils.CopyUtils()
org.apache.commons.io.DirectoryWalker$CancelException.CancelException(java.io.File,int)
org.apache.commons.io.DirectoryWalker$CancelException.CancelException(java.lang.String,java.io.File,int)
org.apache.commons.io.DirectoryWalker$CancelException.getDepth()
org.apache.commons.io.DirectoryWalker$CancelException.getFile()
org.apache.commons.io.DirectoryWalker.DirectoryWalker()
org.apache.commons.io.DirectoryWalker.DirectoryWalker(org.apache.commons.io.filefilter.IOFileFilter,org.apache.commons.io.filefilter.IOFileFilter,int)
org.apache.commons.io.DirectoryWalker.checkIfCancelled(java.io.File,int,java.util.Collection<T>)
org.apache.commons.io.DirectoryWalker.filterDirectoryContents(java.io.File,int,java.io.File[])
org.apache.commons.io.DirectoryWalker.handleCancelled(java.io.File,java.util.Collection<T>,org.apache.commons.io.DirectoryWalker.CancelException)
org.apache.commons.io.DirectoryWalker.handleDirectory(java.io.File,int,java.util.Collection<T>)
org.apache.commons.io.DirectoryWalker.handleDirectoryEnd(java.io.File,int,java.util.Collection<T>)
org.apache.commons.io.DirectoryWalker.handleDirectoryStart(java.io.File,int,java.util.Collection<T>)
org.apache.commons.io.DirectoryWalker.handleEnd(java.util.Collection<T>)
org.apache.commons.io.DirectoryWalker.handleFile(java.io.File,int,java.util.Collection<T>)
org.apache.commons.io.DirectoryWalker.handleIsCancelled(java.io.File,int,java.util.Collection<T>)
org.apache.commons.io.DirectoryWalker.handleRestricted(java.io.File,int,java.util.Collection<T>)
org.apache.commons.io.DirectoryWalker.handleStart(java.io.File,java.util.Collection<T>)
org.apache.commons.io.EndianUtils.EndianUtils()
org.apache.commons.io.EndianUtils.readSwappedDouble(byte[],int)
org.apache.commons.io.EndianUtils.readSwappedFloat(byte[],int)
org.apache.commons.io.EndianUtils.readSwappedInteger(byte[],int)
org.apache.commons.io.EndianUtils.readSwappedLong(byte[],int)
org.apache.commons.io.EndianUtils.readSwappedShort(byte[],int)
org.apache.commons.io.EndianUtils.readSwappedUnsignedInteger(byte[],int)
org.apache.commons.io.EndianUtils.readSwappedUnsignedShort(byte[],int)
org.apache.commons.io.EndianUtils.swapDouble(double)
org.apache.commons.io.EndianUtils.swapFloat(float)
org.apache.commons.io.EndianUtils.swapInteger(int)
org.apache.commons.io.EndianUtils.swapLong(long)
org.apache.commons.io.EndianUtils.swapShort(short)
org.apache.commons.io.FileCleaner.FileCleaner()
org.apache.commons.io.FileCleaner.getInstance()
org.apache.commons.io.FileCleaner.getTrackCount()
org.apache.commons.io.FileCleaningTracker$Reaper.Reaper()
org.apache.commons.io.FileCleaningTracker$Reaper.run()
org.apache.commons.io.FileCleaningTracker$Tracker.delete()
org.apache.commons.io.FileCleaningTracker$Tracker.getPath()
org.apache.commons.io.FileCleaningTracker.getDeleteFailures()
org.apache.commons.io.FileCleaningTracker.getTrackCount()
org.apache.commons.io.FileDeleteStrategy$ForceFileDeleteStrategy.ForceFileDeleteStrategy()
org.apache.commons.io.FileDeleteStrategy.FileDeleteStrategy(java.lang.String)
org.apache.commons.io.FileDeleteStrategy.toString()
org.apache.commons.io.FileExistsException.FileExistsException()
org.apache.commons.io.FileExistsException.FileExistsException(java.io.File)
org.apache.commons.io.FileExistsException.FileExistsException(java.lang.String)
org.apache.commons.io.FileSystemUtils.FileSystemUtils()
org.apache.commons.io.FileSystemUtils.freeSpace(java.lang.String)
org.apache.commons.io.FileSystemUtils.freeSpaceKb()
org.apache.commons.io.FileSystemUtils.freeSpaceKb(java.lang.String)
org.apache.commons.io.FileSystemUtils.freeSpaceKb(java.lang.String,long)
org.apache.commons.io.FileSystemUtils.freeSpaceKb(long)
org.apache.commons.io.FileSystemUtils.freeSpaceOS(java.lang.String,int,boolean,long)
org.apache.commons.io.FileSystemUtils.freeSpaceUnix(java.lang.String,boolean,boolean,long)
org.apache.commons.io.FileSystemUtils.freeSpaceWindows(java.lang.String,long)
org.apache.commons.io.FileSystemUtils.parseBytes(java.lang.String,java.lang.String)
org.apache.commons.io.FileSystemUtils.parseDir(java.lang.String,java.lang.String)
org.apache.commons.io.FileUtils.FileUtils()
org.apache.commons.io.FileUtils.byteCountToDisplaySize(long)
org.apache.commons.io.FileUtils.checkDirectory(java.io.File)
org.apache.commons.io.FileUtils.convertFileCollectionToFileArray(java.util.Collection<java.io.File>)
org.apache.commons.io.FileUtils.directoryContains(java.io.File,java.io.File)
org.apache.commons.io.FileUtils.getFile(java.io.File,java.lang.String...)
org.apache.commons.io.FileUtils.getFile(java.lang.String...)
org.apache.commons.io.FileUtils.getTempDirectory()
org.apache.commons.io.FileUtils.getTempDirectoryPath()
org.apache.commons.io.FileUtils.getUserDirectory()
org.apache.commons.io.FileUtils.getUserDirectoryPath()
org.apache.commons.io.FileUtils.isFileNewer(java.io.File,java.io.File)
org.apache.commons.io.FileUtils.isFileNewer(java.io.File,java.util.Date)
org.apache.commons.io.FileUtils.isFileNewer(java.io.File,long)
org.apache.commons.io.FileUtils.isFileOlder(java.io.File,java.io.File)
org.apache.commons.io.FileUtils.isFileOlder(java.io.File,java.util.Date)
org.apache.commons.io.FileUtils.isFileOlder(java.io.File,long)
org.apache.commons.io.FileUtils.isSymlink(java.io.File)
org.apache.commons.io.FileUtils.setUpEffectiveDirFilter(org.apache.commons.io.filefilter.IOFileFilter)
org.apache.commons.io.FileUtils.setUpEffectiveFileFilter(org.apache.commons.io.filefilter.IOFileFilter)
org.apache.commons.io.FileUtils.sizeOf(java.io.File)
org.apache.commons.io.FileUtils.sizeOfAsBigInteger(java.io.File)
org.apache.commons.io.FileUtils.sizeOfDirectory(java.io.File)
org.apache.commons.io.FileUtils.sizeOfDirectoryAsBigInteger(java.io.File)
org.apache.commons.io.FileUtils.toFile(java.net.URL)
org.apache.commons.io.FileUtils.toFiles(java.net.URL[])
org.apache.commons.io.FileUtils.toSuffixes(java.lang.String[])
org.apache.commons.io.FileUtils.validateListFilesParameters(java.io.File,org.apache.commons.io.filefilter.IOFileFilter)
org.apache.commons.io.FileUtils.waitFor(java.io.File,int)
org.apache.commons.io.FilenameUtils.FilenameUtils()
org.apache.commons.io.FilenameUtils.concat(java.lang.String,java.lang.String)
org.apache.commons.io.FilenameUtils.directoryContains(java.lang.String,java.lang.String)
org.apache.commons.io.FilenameUtils.doGetFullPath(java.lang.String,boolean)
org.apache.commons.io.FilenameUtils.doGetPath(java.lang.String,int)
org.apache.commons.io.FilenameUtils.doNormalize(java.lang.String,char,boolean)
org.apache.commons.io.FilenameUtils.equals(java.lang.String,java.lang.String)
org.apache.commons.io.FilenameUtils.equals(java.lang.String,java.lang.String,boolean,org.apache.commons.io.IOCase)
org.apache.commons.io.FilenameUtils.equalsNormalized(java.lang.String,java.lang.String)
org.apache.commons.io.FilenameUtils.equalsNormalizedOnSystem(java.lang.String,java.lang.String)
org.apache.commons.io.FilenameUtils.equalsOnSystem(java.lang.String,java.lang.String)
org.apache.commons.io.FilenameUtils.getBaseName(java.lang.String)
org.apache.commons.io.FilenameUtils.getExtension(java.lang.String)
org.apache.commons.io.FilenameUtils.getFullPath(java.lang.String)
org.apache.commons.io.FilenameUtils.getFullPathNoEndSeparator(java.lang.String)
org.apache.commons.io.FilenameUtils.getName(java.lang.String)
org.apache.commons.io.FilenameUtils.getPath(java.lang.String)
org.apache.commons.io.FilenameUtils.getPathNoEndSeparator(java.lang.String)
org.apache.commons.io.FilenameUtils.getPrefix(java.lang.String)
org.apache.commons.io.FilenameUtils.getPrefixLength(java.lang.String)
org.apache.commons.io.FilenameUtils.indexOfExtension(java.lang.String)
org.apache.commons.io.FilenameUtils.indexOfLastSeparator(java.lang.String)
org.apache.commons.io.FilenameUtils.isExtension(java.lang.String,java.lang.String)
org.apache.commons.io.FilenameUtils.isExtension(java.lang.String,java.lang.String[])
org.apache.commons.io.FilenameUtils.isExtension(java.lang.String,java.util.Collection<java.lang.String>)
org.apache.commons.io.FilenameUtils.isSeparator(char)
org.apache.commons.io.FilenameUtils.isSystemWindows()
org.apache.commons.io.FilenameUtils.normalize(java.lang.String)
org.apache.commons.io.FilenameUtils.normalize(java.lang.String,boolean)
org.apache.commons.io.FilenameUtils.normalizeNoEndSeparator(java.lang.String)
org.apache.commons.io.FilenameUtils.normalizeNoEndSeparator(java.lang.String,boolean)
org.apache.commons.io.FilenameUtils.removeExtension(java.lang.String)
org.apache.commons.io.FilenameUtils.separatorsToSystem(java.lang.String)
org.apache.commons.io.FilenameUtils.separatorsToUnix(java.lang.String)
org.apache.commons.io.FilenameUtils.separatorsToWindows(java.lang.String)
org.apache.commons.io.FilenameUtils.splitOnTokens(java.lang.String)
org.apache.commons.io.FilenameUtils.wildcardMatch(java.lang.String,java.lang.String)
org.apache.commons.io.FilenameUtils.wildcardMatch(java.lang.String,java.lang.String,org.apache.commons.io.IOCase)
org.apache.commons.io.FilenameUtils.wildcardMatchOnSystem(java.lang.String,java.lang.String)
org.apache.commons.io.HexDump.HexDump()
org.apache.commons.io.IOCase.IOCase(java.lang.String,boolean)
org.apache.commons.io.IOCase.checkCompareTo(java.lang.String,java.lang.String)
org.apache.commons.io.IOCase.checkEndsWith(java.lang.String,java.lang.String)
org.apache.commons.io.IOCase.checkEquals(java.lang.String,java.lang.String)
org.apache.commons.io.IOCase.checkIndexOf(java.lang.String,int,java.lang.String)
org.apache.commons.io.IOCase.checkRegionMatches(java.lang.String,int,java.lang.String)
org.apache.commons.io.IOCase.checkStartsWith(java.lang.String,java.lang.String)
org.apache.commons.io.IOCase.forName(java.lang.String)
org.apache.commons.io.IOCase.getName()
org.apache.commons.io.IOCase.isCaseSensitive()
org.apache.commons.io.IOCase.readResolve()
org.apache.commons.io.IOCase.toString()
org.apache.commons.io.IOUtils.IOUtils()
org.apache.commons.io.IOUtils.toByteArray(java.lang.String)
org.apache.commons.io.IOUtils.toInputStream(java.lang.CharSequence)
org.apache.commons.io.IOUtils.toInputStream(java.lang.CharSequence,java.lang.String)
org.apache.commons.io.IOUtils.toInputStream(java.lang.String)
org.apache.commons.io.IOUtils.toInputStream(java.lang.String,java.lang.String)
org.apache.commons.io.IOUtils.toString(byte[])
org.apache.commons.io.IOUtils.toString(byte[],java.lang.String)
org.apache.commons.io.LineIterator.isValidLine(java.lang.String)
org.apache.commons.io.LineIterator.remove()
org.apache.commons.io.TaggedIOException.getCause()
org.apache.commons.io.TaggedIOException.getTag()
org.apache.commons.io.TaggedIOException.isTaggedWith(java.lang.Throwable,java.lang.Object)
org.apache.commons.io.TaggedIOException.throwCauseIfTaggedWith(java.lang.Throwable,java.lang.Object)
org.apache.commons.io.ThreadMonitor.start(long)
org.apache.commons.io.comparator.AbstractFileComparator.toString()
org.apache.commons.io.comparator.CompositeFileComparator.compare(java.io.File,java.io.File)
org.apache.commons.io.comparator.CompositeFileComparator.toString()
org.apache.commons.io.comparator.DefaultFileComparator.compare(java.io.File,java.io.File)
org.apache.commons.io.comparator.DirectoryFileComparator.compare(java.io.File,java.io.File)
org.apache.commons.io.comparator.DirectoryFileComparator.getType(java.io.File)
org.apache.commons.io.comparator.ExtensionFileComparator.ExtensionFileComparator()
org.apache.commons.io.comparator.ExtensionFileComparator.ExtensionFileComparator(org.apache.commons.io.IOCase)
org.apache.commons.io.comparator.ExtensionFileComparator.compare(java.io.File,java.io.File)
org.apache.commons.io.comparator.ExtensionFileComparator.toString()
org.apache.commons.io.comparator.LastModifiedFileComparator.compare(java.io.File,java.io.File)
org.apache.commons.io.comparator.NameFileComparator.NameFileComparator()
org.apache.commons.io.comparator.NameFileComparator.NameFileComparator(org.apache.commons.io.IOCase)
org.apache.commons.io.comparator.NameFileComparator.compare(java.io.File,java.io.File)
org.apache.commons.io.comparator.NameFileComparator.toString()
org.apache.commons.io.comparator.PathFileComparator.PathFileComparator()
org.apache.commons.io.comparator.PathFileComparator.PathFileComparator(org.apache.commons.io.IOCase)
org.apache.commons.io.comparator.PathFileComparator.compare(java.io.File,java.io.File)
org.apache.commons.io.comparator.PathFileComparator.toString()
org.apache.commons.io.comparator.ReverseComparator.ReverseComparator(java.util.Comparator<java.io.File>)
org.apache.commons.io.comparator.ReverseComparator.compare(java.io.File,java.io.File)
org.apache.commons.io.comparator.ReverseComparator.toString()
org.apache.commons.io.comparator.SizeFileComparator.SizeFileComparator()
org.apache.commons.io.comparator.SizeFileComparator.SizeFileComparator(boolean)
org.apache.commons.io.comparator.SizeFileComparator.compare(java.io.File,java.io.File)
org.apache.commons.io.comparator.SizeFileComparator.toString()
org.apache.commons.io.filefilter.AbstractFileFilter.toString()
org.apache.commons.io.filefilter.AgeFileFilter.AgeFileFilter(java.io.File)
org.apache.commons.io.filefilter.AgeFileFilter.AgeFileFilter(java.io.File,boolean)
org.apache.commons.io.filefilter.AgeFileFilter.AgeFileFilter(java.util.Date)
org.apache.commons.io.filefilter.AgeFileFilter.AgeFileFilter(java.util.Date,boolean)
org.apache.commons.io.filefilter.AgeFileFilter.AgeFileFilter(long)
org.apache.commons.io.filefilter.AgeFileFilter.AgeFileFilter(long,boolean)
org.apache.commons.io.filefilter.AgeFileFilter.accept(java.io.File)
org.apache.commons.io.filefilter.AgeFileFilter.toString()
org.apache.commons.io.filefilter.AndFileFilter.AndFileFilter()
org.apache.commons.io.filefilter.AndFileFilter.AndFileFilter(java.util.List<org.apache.commons.io.filefilter.IOFileFilter>)
org.apache.commons.io.filefilter.AndFileFilter.AndFileFilter(org.apache.commons.io.filefilter.IOFileFilter,org.apache.commons.io.filefilter.IOFileFilter)
org.apache.commons.io.filefilter.AndFileFilter.getFileFilters()
org.apache.commons.io.filefilter.AndFileFilter.toString()
org.apache.commons.io.filefilter.CanReadFileFilter.CanReadFileFilter()
org.apache.commons.io.filefilter.CanReadFileFilter.accept(java.io.File)
org.apache.commons.io.filefilter.CanWriteFileFilter.CanWriteFileFilter()
org.apache.commons.io.filefilter.CanWriteFileFilter.accept(java.io.File)
org.apache.commons.io.filefilter.ConditionalFileFilter.getFileFilters()
org.apache.commons.io.filefilter.DelegateFileFilter.toString()
org.apache.commons.io.filefilter.DirectoryFileFilter.DirectoryFileFilter()
org.apache.commons.io.filefilter.DirectoryFileFilter.accept(java.io.File)
org.apache.commons.io.filefilter.EmptyFileFilter.EmptyFileFilter()
org.apache.commons.io.filefilter.EmptyFileFilter.accept(java.io.File)
org.apache.commons.io.filefilter.FalseFileFilter.FalseFileFilter()
org.apache.commons.io.filefilter.FalseFileFilter.accept(java.io.File)
org.apache.commons.io.filefilter.FalseFileFilter.accept(java.io.File,java.lang.String)
org.apache.commons.io.filefilter.FileFileFilter.FileFileFilter()
org.apache.commons.io.filefilter.FileFileFilter.accept(java.io.File)
org.apache.commons.io.filefilter.FileFilterUtils.FileFilterUtils()
org.apache.commons.io.filefilter.FileFilterUtils.ageFileFilter(java.io.File)
org.apache.commons.io.filefilter.FileFilterUtils.ageFileFilter(java.io.File,boolean)
org.apache.commons.io.filefilter.FileFilterUtils.ageFileFilter(java.util.Date)
org.apache.commons.io.filefilter.FileFilterUtils.ageFileFilter(java.util.Date,boolean)
org.apache.commons.io.filefilter.FileFilterUtils.ageFileFilter(long)
org.apache.commons.io.filefilter.FileFilterUtils.ageFileFilter(long,boolean)
org.apache.commons.io.filefilter.FileFilterUtils.and(org.apache.commons.io.filefilter.IOFileFilter...)
org.apache.commons.io.filefilter.FileFilterUtils.andFileFilter(org.apache.commons.io.filefilter.IOFileFilter,org.apache.commons.io.filefilter.IOFileFilter)
org.apache.commons.io.filefilter.FileFilterUtils.directoryFileFilter()
org.apache.commons.io.filefilter.FileFilterUtils.falseFileFilter()
org.apache.commons.io.filefilter.FileFilterUtils.fileFileFilter()
org.apache.commons.io.filefilter.FileFilterUtils.magicNumberFileFilter(byte[])
org.apache.commons.io.filefilter.FileFilterUtils.magicNumberFileFilter(byte[],long)
org.apache.commons.io.filefilter.FileFilterUtils.magicNumberFileFilter(java.lang.String)
org.apache.commons.io.filefilter.FileFilterUtils.magicNumberFileFilter(java.lang.String,long)
org.apache.commons.io.filefilter.FileFilterUtils.makeCVSAware(org.apache.commons.io.filefilter.IOFileFilter)
org.apache.commons.io.filefilter.FileFilterUtils.makeDirectoryOnly(org.apache.commons.io.filefilter.IOFileFilter)
org.apache.commons.io.filefilter.FileFilterUtils.makeFileOnly(org.apache.commons.io.filefilter.IOFileFilter)
org.apache.commons.io.filefilter.FileFilterUtils.makeSVNAware(org.apache.commons.io.filefilter.IOFileFilter)
org.apache.commons.io.filefilter.FileFilterUtils.nameFileFilter(java.lang.String)
org.apache.commons.io.filefilter.FileFilterUtils.nameFileFilter(java.lang.String,org.apache.commons.io.IOCase)
org.apache.commons.io.filefilter.FileFilterUtils.or(org.apache.commons.io.filefilter.IOFileFilter...)
org.apache.commons.io.filefilter.FileFilterUtils.orFileFilter(org.apache.commons.io.filefilter.IOFileFilter,org.apache.commons.io.filefilter.IOFileFilter)
org.apache.commons.io.filefilter.FileFilterUtils.prefixFileFilter(java.lang.String)
org.apache.commons.io.filefilter.FileFilterUtils.prefixFileFilter(java.lang.String,org.apache.commons.io.IOCase)
org.apache.commons.io.filefilter.FileFilterUtils.sizeFileFilter(long)
org.apache.commons.io.filefilter.FileFilterUtils.sizeFileFilter(long,boolean)
org.apache.commons.io.filefilter.FileFilterUtils.sizeRangeFileFilter(long,long)
org.apache.commons.io.filefilter.FileFilterUtils.suffixFileFilter(java.lang.String)
org.apache.commons.io.filefilter.FileFilterUtils.suffixFileFilter(java.lang.String,org.apache.commons.io.IOCase)
org.apache.commons.io.filefilter.FileFilterUtils.toList(org.apache.commons.io.filefilter.IOFileFilter...)
org.apache.commons.io.filefilter.FileFilterUtils.trueFileFilter()
org.apache.commons.io.filefilter.HiddenFileFilter.HiddenFileFilter()
org.apache.commons.io.filefilter.HiddenFileFilter.accept(java.io.File)
org.apache.commons.io.filefilter.MagicNumberFileFilter.MagicNumberFileFilter(byte[])
org.apache.commons.io.filefilter.MagicNumberFileFilter.MagicNumberFileFilter(byte[],long)
org.apache.commons.io.filefilter.MagicNumberFileFilter.MagicNumberFileFilter(java.lang.String)
org.apache.commons.io.filefilter.MagicNumberFileFilter.MagicNumberFileFilter(java.lang.String,long)
org.apache.commons.io.filefilter.MagicNumberFileFilter.toString()
org.apache.commons.io.filefilter.NameFileFilter.NameFileFilter(java.lang.String)
org.apache.commons.io.filefilter.NameFileFilter.NameFileFilter(java.lang.String,org.apache.commons.io.IOCase)
org.apache.commons.io.filefilter.NameFileFilter.NameFileFilter(java.lang.String[])
org.apache.commons.io.filefilter.NameFileFilter.NameFileFilter(java.lang.String[],org.apache.commons.io.IOCase)
org.apache.commons.io.filefilter.NameFileFilter.NameFileFilter(java.util.List<java.lang.String>)
org.apache.commons.io.filefilter.NameFileFilter.NameFileFilter(java.util.List<java.lang.String>,org.apache.commons.io.IOCase)
org.apache.commons.io.filefilter.NameFileFilter.accept(java.io.File)
org.apache.commons.io.filefilter.NameFileFilter.accept(java.io.File,java.lang.String)
org.apache.commons.io.filefilter.NameFileFilter.toString()
org.apache.commons.io.filefilter.NotFileFilter.toString()
org.apache.commons.io.filefilter.OrFileFilter.OrFileFilter()
org.apache.commons.io.filefilter.OrFileFilter.OrFileFilter(java.util.List<org.apache.commons.io.filefilter.IOFileFilter>)
org.apache.commons.io.filefilter.OrFileFilter.OrFileFilter(org.apache.commons.io.filefilter.IOFileFilter,org.apache.commons.io.filefilter.IOFileFilter)
org.apache.commons.io.filefilter.OrFileFilter.getFileFilters()
org.apache.commons.io.filefilter.OrFileFilter.toString()
org.apache.commons.io.filefilter.PrefixFileFilter.PrefixFileFilter(java.lang.String)
org.apache.commons.io.filefilter.PrefixFileFilter.PrefixFileFilter(java.lang.String,org.apache.commons.io.IOCase)
org.apache.commons.io.filefilter.PrefixFileFilter.PrefixFileFilter(java.lang.String[])
org.apache.commons.io.filefilter.PrefixFileFilter.PrefixFileFilter(java.lang.String[],org.apache.commons.io.IOCase)
org.apache.commons.io.filefilter.PrefixFileFilter.PrefixFileFilter(java.util.List<java.lang.String>)
org.apache.commons.io.filefilter.PrefixFileFilter.PrefixFileFilter(java.util.List<java.lang.String>,org.apache.commons.io.IOCase)
org.apache.commons.io.filefilter.PrefixFileFilter.accept(java.io.File)
org.apache.commons.io.filefilter.PrefixFileFilter.accept(java.io.File,java.lang.String)
org.apache.commons.io.filefilter.PrefixFileFilter.toString()
org.apache.commons.io.filefilter.RegexFileFilter.RegexFileFilter(java.lang.String)
org.apache.commons.io.filefilter.RegexFileFilter.RegexFileFilter(java.lang.String,int)
org.apache.commons.io.filefilter.RegexFileFilter.RegexFileFilter(java.lang.String,org.apache.commons.io.IOCase)
org.apache.commons.io.filefilter.SizeFileFilter.SizeFileFilter(long)
org.apache.commons.io.filefilter.SizeFileFilter.SizeFileFilter(long,boolean)
org.apache.commons.io.filefilter.SizeFileFilter.accept(java.io.File)
org.apache.commons.io.filefilter.SizeFileFilter.toString()
org.apache.commons.io.filefilter.SuffixFileFilter.SuffixFileFilter(java.lang.String)
org.apache.commons.io.filefilter.SuffixFileFilter.SuffixFileFilter(java.lang.String,org.apache.commons.io.IOCase)
org.apache.commons.io.filefilter.SuffixFileFilter.SuffixFileFilter(java.lang.String[])
org.apache.commons.io.filefilter.SuffixFileFilter.SuffixFileFilter(java.lang.String[],org.apache.commons.io.IOCase)
org.apache.commons.io.filefilter.SuffixFileFilter.SuffixFileFilter(java.util.List<java.lang.String>)
org.apache.commons.io.filefilter.SuffixFileFilter.SuffixFileFilter(java.util.List<java.lang.String>,org.apache.commons.io.IOCase)
org.apache.commons.io.filefilter.SuffixFileFilter.accept(java.io.File)
org.apache.commons.io.filefilter.SuffixFileFilter.accept(java.io.File,java.lang.String)
org.apache.commons.io.filefilter.SuffixFileFilter.toString()
org.apache.commons.io.filefilter.TrueFileFilter.TrueFileFilter()
org.apache.commons.io.filefilter.TrueFileFilter.accept(java.io.File)
org.apache.commons.io.filefilter.TrueFileFilter.accept(java.io.File,java.lang.String)
org.apache.commons.io.filefilter.WildcardFileFilter.WildcardFileFilter(java.lang.String)
org.apache.commons.io.filefilter.WildcardFileFilter.WildcardFileFilter(java.lang.String,org.apache.commons.io.IOCase)
org.apache.commons.io.filefilter.WildcardFileFilter.WildcardFileFilter(java.lang.String[])
org.apache.commons.io.filefilter.WildcardFileFilter.WildcardFileFilter(java.lang.String[],org.apache.commons.io.IOCase)
org.apache.commons.io.filefilter.WildcardFileFilter.WildcardFileFilter(java.util.List<java.lang.String>)
org.apache.commons.io.filefilter.WildcardFileFilter.WildcardFileFilter(java.util.List<java.lang.String>,org.apache.commons.io.IOCase)
org.apache.commons.io.filefilter.WildcardFileFilter.accept(java.io.File)
org.apache.commons.io.filefilter.WildcardFileFilter.accept(java.io.File,java.lang.String)
org.apache.commons.io.filefilter.WildcardFileFilter.toString()
org.apache.commons.io.filefilter.WildcardFilter.WildcardFilter(java.lang.String)
org.apache.commons.io.filefilter.WildcardFilter.WildcardFilter(java.lang.String[])
org.apache.commons.io.filefilter.WildcardFilter.WildcardFilter(java.util.List<java.lang.String>)
org.apache.commons.io.filefilter.WildcardFilter.accept(java.io.File)
org.apache.commons.io.filefilter.WildcardFilter.accept(java.io.File,java.lang.String)
org.apache.commons.io.input.BOMInputStream$1.compare(org.apache.commons.io.ByteOrderMark,org.apache.commons.io.ByteOrderMark)
org.apache.commons.io.input.BOMInputStream.find()
org.apache.commons.io.input.BOMInputStream.matches(org.apache.commons.io.ByteOrderMark)
org.apache.commons.io.input.BoundedInputStream.available()
org.apache.commons.io.input.BoundedInputStream.isPropagateClose()
org.apache.commons.io.input.BoundedInputStream.markSupported()
org.apache.commons.io.input.BoundedInputStream.toString()
org.apache.commons.io.input.BrokenInputStream.BrokenInputStream()
org.apache.commons.io.input.BrokenInputStream.BrokenInputStream(java.io.IOException)
org.apache.commons.io.input.BrokenInputStream.available()
org.apache.commons.io.input.BrokenInputStream.close()
org.apache.commons.io.input.BrokenInputStream.read()
org.apache.commons.io.input.BrokenInputStream.reset()
org.apache.commons.io.input.BrokenInputStream.skip(long)
org.apache.commons.io.input.CharSequenceInputStream.close()
org.apache.commons.io.input.CharSequenceInputStream.markSupported()
org.apache.commons.io.input.CharSequenceReader.CharSequenceReader(java.lang.CharSequence)
org.apache.commons.io.input.CharSequenceReader.markSupported()
org.apache.commons.io.input.CharSequenceReader.read()
org.apache.commons.io.input.CharSequenceReader.toString()
org.apache.commons.io.input.ClosedInputStream.read()
org.apache.commons.io.input.CountingInputStream.getByteCount()
org.apache.commons.io.input.CountingInputStream.getCount()
org.apache.commons.io.input.NullInputStream.NullInputStream(long)
org.apache.commons.io.input.NullInputStream.NullInputStream(long,boolean,boolean)
org.apache.commons.io.input.NullInputStream.available()
org.apache.commons.io.input.NullInputStream.getPosition()
org.apache.commons.io.input.NullInputStream.getSize()
org.apache.commons.io.input.NullInputStream.markSupported()
org.apache.commons.io.input.NullInputStream.processByte()
org.apache.commons.io.input.NullInputStream.processBytes(byte[],int,int)
org.apache.commons.io.input.NullReader.NullReader(long)
org.apache.commons.io.input.NullReader.NullReader(long,boolean,boolean)
org.apache.commons.io.input.NullReader.getPosition()
org.apache.commons.io.input.NullReader.getSize()
org.apache.commons.io.input.NullReader.markSupported()
org.apache.commons.io.input.NullReader.processChar()
org.apache.commons.io.input.NullReader.processChars(char[],int,int)
org.apache.commons.io.input.ProxyInputStream.beforeRead(int)
org.apache.commons.io.input.ProxyInputStream.markSupported()
org.apache.commons.io.input.ProxyReader.afterRead(int)
org.apache.commons.io.input.ProxyReader.beforeRead(int)
org.apache.commons.io.input.ProxyReader.handleIOException(java.io.IOException)
org.apache.commons.io.input.ProxyReader.markSupported()
org.apache.commons.io.input.ProxyReader.ready()
org.apache.commons.io.input.ReversedLinesFileReader$FilePart.FilePart(long,int,byte[])
org.apache.commons.io.input.ReversedLinesFileReader$FilePart.getNewLineMatchByteCount(byte[],int)
org.apache.commons.io.input.ReversedLinesFileReader$FilePart.rollOver()
org.apache.commons.io.input.SwappedDataInputStream.readLine()
org.apache.commons.io.input.SwappedDataInputStream.readUTF()
org.apache.commons.io.input.TaggedInputStream.isCauseOf(java.lang.Throwable)
org.apache.commons.io.input.TaggedInputStream.throwIfCauseOf(java.lang.Throwable)
org.apache.commons.io.input.Tailer.getDelay()
org.apache.commons.io.input.Tailer.getFile()
org.apache.commons.io.input.TailerListener.fileNotFound()
org.apache.commons.io.input.TailerListener.fileRotated()
org.apache.commons.io.input.TailerListener.handle(java.lang.Exception)
org.apache.commons.io.input.TailerListener.handle(java.lang.String)
org.apache.commons.io.input.TailerListener.init(org.apache.commons.io.input.Tailer)
org.apache.commons.io.input.TailerListenerAdapter.fileNotFound()
org.apache.commons.io.input.TailerListenerAdapter.fileRotated()
org.apache.commons.io.input.TailerListenerAdapter.handle(java.lang.Exception)
org.apache.commons.io.input.TailerListenerAdapter.handle(java.lang.String)
org.apache.commons.io.input.TailerListenerAdapter.init(org.apache.commons.io.input.Tailer)
org.apache.commons.io.input.XmlStreamReader.calculateHttpEncoding(java.lang.String,java.lang.String,java.lang.String,java.lang.String,boolean)
org.apache.commons.io.input.XmlStreamReader.calculateRawEncoding(java.lang.String,java.lang.String,java.lang.String)
org.apache.commons.io.input.XmlStreamReader.doLenientDetection(java.lang.String,org.apache.commons.io.input.XmlStreamReaderException)
org.apache.commons.io.input.XmlStreamReader.getContentTypeMime(java.lang.String)
org.apache.commons.io.input.XmlStreamReader.getDefaultEncoding()
org.apache.commons.io.input.XmlStreamReader.getEncoding()
org.apache.commons.io.input.XmlStreamReader.isAppXml(java.lang.String)
org.apache.commons.io.input.XmlStreamReader.isTextXml(java.lang.String)
org.apache.commons.io.input.XmlStreamReaderException.XmlStreamReaderException(java.lang.String,java.lang.String,java.lang.String,java.lang.String)
org.apache.commons.io.input.XmlStreamReaderException.XmlStreamReaderException(java.lang.String,java.lang.String,java.lang.String,java.lang.String,java.lang.String,java.lang.String)
org.apache.commons.io.input.XmlStreamReaderException.getBomEncoding()
org.apache.commons.io.input.XmlStreamReaderException.getContentTypeEncoding()
org.apache.commons.io.input.XmlStreamReaderException.getContentTypeMime()
org.apache.commons.io.input.XmlStreamReaderException.getXmlEncoding()
org.apache.commons.io.input.XmlStreamReaderException.getXmlGuessEncoding()
org.apache.commons.io.monitor.FileAlterationListener.onDirectoryChange(java.io.File)
org.apache.commons.io.monitor.FileAlterationListener.onDirectoryCreate(java.io.File)
org.apache.commons.io.monitor.FileAlterationListener.onDirectoryDelete(java.io.File)
org.apache.commons.io.monitor.FileAlterationListener.onFileChange(java.io.File)
org.apache.commons.io.monitor.FileAlterationListener.onFileCreate(java.io.File)
org.apache.commons.io.monitor.FileAlterationListener.onFileDelete(java.io.File)
org.apache.commons.io.monitor.FileAlterationListener.onStart(org.apache.commons.io.monitor.FileAlterationObserver)
org.apache.commons.io.monitor.FileAlterationListener.onStop(org.apache.commons.io.monitor.FileAlterationObserver)
org.apache.commons.io.monitor.FileAlterationListenerAdaptor.onDirectoryChange(java.io.File)
org.apache.commons.io.monitor.FileAlterationListenerAdaptor.onDirectoryCreate(java.io.File)
org.apache.commons.io.monitor.FileAlterationListenerAdaptor.onDirectoryDelete(java.io.File)
org.apache.commons.io.monitor.FileAlterationListenerAdaptor.onFileChange(java.io.File)
org.apache.commons.io.monitor.FileAlterationListenerAdaptor.onFileCreate(java.io.File)
org.apache.commons.io.monitor.FileAlterationListenerAdaptor.onFileDelete(java.io.File)
org.apache.commons.io.monitor.FileAlterationListenerAdaptor.onStart(org.apache.commons.io.monitor.FileAlterationObserver)
org.apache.commons.io.monitor.FileAlterationListenerAdaptor.onStop(org.apache.commons.io.monitor.FileAlterationObserver)
org.apache.commons.io.monitor.FileAlterationMonitor.FileAlterationMonitor()
org.apache.commons.io.monitor.FileAlterationMonitor.FileAlterationMonitor(long)
org.apache.commons.io.monitor.FileAlterationMonitor.FileAlterationMonitor(long,org.apache.commons.io.monitor.FileAlterationObserver...)
org.apache.commons.io.monitor.FileAlterationMonitor.getInterval()
org.apache.commons.io.monitor.FileAlterationMonitor.getObservers()
org.apache.commons.io.monitor.FileAlterationObserver.FileAlterationObserver(java.io.File)
org.apache.commons.io.monitor.FileAlterationObserver.FileAlterationObserver(java.lang.String)
org.apache.commons.io.monitor.FileAlterationObserver.destroy()
org.apache.commons.io.monitor.FileAlterationObserver.doCreate(org.apache.commons.io.monitor.FileEntry)
org.apache.commons.io.monitor.FileAlterationObserver.doDelete(org.apache.commons.io.monitor.FileEntry)
org.apache.commons.io.monitor.FileAlterationObserver.getDirectory()
org.apache.commons.io.monitor.FileAlterationObserver.getFileFilter()
org.apache.commons.io.monitor.FileAlterationObserver.getListeners()
org.apache.commons.io.monitor.FileAlterationObserver.toString()
org.apache.commons.io.monitor.FileEntry.getFile()
org.apache.commons.io.monitor.FileEntry.getLastModified()
org.apache.commons.io.monitor.FileEntry.getLength()
org.apache.commons.io.monitor.FileEntry.getLevel()
org.apache.commons.io.monitor.FileEntry.getName()
org.apache.commons.io.monitor.FileEntry.getParent()
org.apache.commons.io.monitor.FileEntry.isDirectory()
org.apache.commons.io.monitor.FileEntry.isExists()
org.apache.commons.io.output.BrokenOutputStream.BrokenOutputStream()
org.apache.commons.io.output.BrokenOutputStream.BrokenOutputStream(java.io.IOException)
org.apache.commons.io.output.BrokenOutputStream.close()
org.apache.commons.io.output.BrokenOutputStream.flush()
org.apache.commons.io.output.BrokenOutputStream.write(int)
org.apache.commons.io.output.ByteArrayOutputStream.ByteArrayOutputStream()
org.apache.commons.io.output.ByteArrayOutputStream.ByteArrayOutputStream(int)
org.apache.commons.io.output.ByteArrayOutputStream.close()
org.apache.commons.io.output.ByteArrayOutputStream.size()
org.apache.commons.io.output.ByteArrayOutputStream.toByteArray()
org.apache.commons.io.output.ByteArrayOutputStream.toString()
org.apache.commons.io.output.ByteArrayOutputStream.toString(java.lang.String)
org.apache.commons.io.output.ClosedOutputStream.write(int)
org.apache.commons.io.output.CountingOutputStream.getByteCount()
org.apache.commons.io.output.CountingOutputStream.getCount()
org.apache.commons.io.output.DeferredFileOutputStream.getData()
org.apache.commons.io.output.DeferredFileOutputStream.getFile()
org.apache.commons.io.output.DeferredFileOutputStream.getStream()
org.apache.commons.io.output.DeferredFileOutputStream.isInMemory()
org.apache.commons.io.output.FileWriterWithEncoding.FileWriterWithEncoding(java.lang.String,java.lang.String)
org.apache.commons.io.output.FileWriterWithEncoding.FileWriterWithEncoding(java.lang.String,java.lang.String,boolean)
org.apache.commons.io.output.LockableFileWriter.LockableFileWriter(java.lang.String)
org.apache.commons.io.output.LockableFileWriter.LockableFileWriter(java.lang.String,boolean)
org.apache.commons.io.output.LockableFileWriter.LockableFileWriter(java.lang.String,boolean,java.lang.String)
org.apache.commons.io.output.LockableFileWriter.testLockDir(java.io.File)
org.apache.commons.io.output.NullOutputStream.write(byte[])
org.apache.commons.io.output.NullOutputStream.write(byte[],int,int)
org.apache.commons.io.output.NullOutputStream.write(int)
org.apache.commons.io.output.NullWriter.NullWriter()
org.apache.commons.io.output.NullWriter.append(char)
org.apache.commons.io.output.NullWriter.append(java.lang.CharSequence)
org.apache.commons.io.output.NullWriter.append(java.lang.CharSequence,int,int)
org.apache.commons.io.output.NullWriter.close()
org.apache.commons.io.output.NullWriter.flush()
org.apache.commons.io.output.NullWriter.write(char[])
org.apache.commons.io.output.NullWriter.write(char[],int,int)
org.apache.commons.io.output.NullWriter.write(int)
org.apache.commons.io.output.NullWriter.write(java.lang.String)
org.apache.commons.io.output.NullWriter.write(java.lang.String,int,int)
org.apache.commons.io.output.ProxyOutputStream.afterWrite(int)
org.apache.commons.io.output.ProxyWriter.afterWrite(int)
org.apache.commons.io.output.ProxyWriter.beforeWrite(int)
org.apache.commons.io.output.ProxyWriter.handleIOException(java.io.IOException)
org.apache.commons.io.output.StringBuilderWriter.StringBuilderWriter()
org.apache.commons.io.output.StringBuilderWriter.StringBuilderWriter(int)
org.apache.commons.io.output.StringBuilderWriter.close()
org.apache.commons.io.output.StringBuilderWriter.flush()
org.apache.commons.io.output.StringBuilderWriter.getBuilder()
org.apache.commons.io.output.StringBuilderWriter.toString()
org.apache.commons.io.output.TaggedOutputStream.isCauseOf(java.lang.Exception)
org.apache.commons.io.output.TaggedOutputStream.throwIfCauseOf(java.lang.Exception)
org.apache.commons.io.output.ThresholdingOutputStream.ThresholdingOutputStream(int)
org.apache.commons.io.output.ThresholdingOutputStream.getByteCount()
org.apache.commons.io.output.ThresholdingOutputStream.getStream()
org.apache.commons.io.output.ThresholdingOutputStream.getThreshold()
org.apache.commons.io.output.ThresholdingOutputStream.isThresholdExceeded()
org.apache.commons.io.output.XmlStreamWriter.getDefaultEncoding()
org.apache.commons.io.output.XmlStreamWriter.getEncoding()
